<repast.simphony.data2.engine.DataSetDescriptor>
  <name>buyers</name>
  <type>NON_AGGREGATE</type>
  <sourceType>cms_wheat.agents.Buyer</sourceType>
  <inclTick>true</inclTick>
  <inclBatchRun>false</inclBatchRun>
  <inclRandomSeed>false</inclRandomSeed>
  <scheduleParams>
    <start>1.0</start>
    <interval>1.0</interval>
    <priority>-Infinity</priority>
    <pType>LAST</pType>
    <duration>-1.0</duration>
    <frequency>REPEAT</frequency>
    <hashCode>-533193404</hashCode>
  </scheduleParams>
  <atEnd>false</atEnd>
  <methodDataSources class="linked-hash-map">
    <entry>
      <string>DomesticConsumption</string>
      <repast.simphony.data2.engine.MethodDataSourceDefinition>
        <id>DomesticConsumption</id>
        <className>cms_wheat.agents.Buyer</className>
        <methodName>getDomesticConsumption</methodName>
      </repast.simphony.data2.engine.MethodDataSourceDefinition>
    </entry>
    <entry>
      <string>ImportedQuantity</string>
      <repast.simphony.data2.engine.MethodDataSourceDefinition>
        <id>ImportedQuantity</id>
        <className>cms_wheat.agents.Buyer</className>
        <methodName>getImportedQuantity</methodName>
      </repast.simphony.data2.engine.MethodDataSourceDefinition>
    </entry>
    <entry>
      <string>Iso3Code</string>
      <repast.simphony.data2.engine.MethodDataSourceDefinition>
        <id>Iso3Code</id>
        <className>cms_wheat.agents.Buyer</className>
        <methodName>getIso3Code</methodName>
      </repast.simphony.data2.engine.MethodDataSourceDefinition>
    </entry>
    <entry>
      <string>MaximumConsumption</string>
      <repast.simphony.data2.engine.MethodDataSourceDefinition>
        <id>MaximumConsumption</id>
        <className>cms_wheat.agents.Buyer</className>
        <methodName>getMaximumConsumption</methodName>
      </repast.simphony.data2.engine.MethodDataSourceDefinition>
    </entry>
    <entry>
      <string>MinimumConsumption</string>
      <repast.simphony.data2.engine.MethodDataSourceDefinition>
        <id>MinimumConsumption</id>
        <className>cms_wheat.agents.Buyer</className>
        <methodName>getMinimumConsumption</methodName>
      </repast.simphony.data2.engine.MethodDataSourceDefinition>
    </entry>
    <entry>
      <string>Name</string>
      <repast.simphony.data2.engine.MethodDataSourceDefinition>
        <id>Name</id>
        <className>cms_wheat.agents.Buyer</className>
        <methodName>getName</methodName>
      </repast.simphony.data2.engine.MethodDataSourceDefinition>
    </entry>
    <entry>
      <string>OriginOfConsumedResouces</string>
      <repast.simphony.data2.engine.MethodDataSourceDefinition>
        <id>OriginOfConsumedResouces</id>
        <className>cms_wheat.agents.Buyer</className>
        <methodName>getOriginOfConsumedResouces</methodName>
      </repast.simphony.data2.engine.MethodDataSourceDefinition>
    </entry>
    <entry>
      <string>RealizedConsumption</string>
      <repast.simphony.data2.engine.MethodDataSourceDefinition>
        <id>RealizedConsumption</id>
        <className>cms_wheat.agents.Buyer</className>
        <methodName>getRealizedConsumption</methodName>
      </repast.simphony.data2.engine.MethodDataSourceDefinition>
    </entry>
    <entry>
      <string>Stock</string>
      <repast.simphony.data2.engine.MethodDataSourceDefinition>
        <id>Stock</id>
        <className>cms_wheat.agents.Buyer</className>
        <methodName>getStock</methodName>
      </repast.simphony.data2.engine.MethodDataSourceDefinition>
    </entry>
    <entry>
      <string>AverageConsumption</string>
      <repast.simphony.data2.engine.MethodDataSourceDefinition>
        <id>AverageConsumption</id>
        <className>cms_wheat.agents.Buyer</className>
        <methodName>getAverageConsumption</methodName>
      </repast.simphony.data2.engine.MethodDataSourceDefinition>
    </entry>
  </methodDataSources>
  <countSources class="linked-hash-map"/>
  <customNADataSources class="linked-hash-map"/>
  <customAggDataSources class="linked-hash-map"/>
</repast.simphony.data2.engine.DataSetDescriptor>