<repast.simphony.data2.engine.DataSetDescriptor>
  <name>aggregate</name>
  <type>AGGREGATE</type>
  <inclTick>true</inclTick>
  <inclBatchRun>false</inclBatchRun>
  <inclRandomSeed>false</inclRandomSeed>
  <scheduleParams>
    <start>1.0</start>
    <interval>1.0</interval>
    <priority>-Infinity</priority>
    <pType>LAST</pType>
    <duration>-1.0</duration>
    <frequency>REPEAT</frequency>
    <hashCode>-533193404</hashCode>
  </scheduleParams>
  <atEnd>false</atEnd>
  <methodDataSources class="linked-hash-map">
    <entry>
      <string>averagePrice</string>
      <repast.simphony.data2.engine.MethodDataSourceDefinition>
        <id>averagePrice</id>
        <className>cms_wheat.agents.MarketSession</className>
        <methodName>getMarketPrice</methodName>
        <aggType>MEAN</aggType>
      </repast.simphony.data2.engine.MethodDataSourceDefinition>
    </entry>
    <entry>
      <string>exchangedQuantity</string>
      <repast.simphony.data2.engine.MethodDataSourceDefinition>
        <id>exchangedQuantity</id>
        <className>cms_wheat.agents.MarketSession</className>
        <methodName>getQuantityExchanged</methodName>
        <aggType>SUM</aggType>
      </repast.simphony.data2.engine.MethodDataSourceDefinition>
    </entry>
  </methodDataSources>
  <countSources class="linked-hash-map"/>
  <customNADataSources class="linked-hash-map"/>
  <customAggDataSources class="linked-hash-map"/>
</repast.simphony.data2.engine.DataSetDescriptor>