<repast.simphony.data2.engine.DataSetDescriptor>
  <name>producers</name>
  <type>NON_AGGREGATE</type>
  <sourceType>cms_wheat.agents.Producer</sourceType>
  <inclTick>true</inclTick>
  <inclBatchRun>false</inclBatchRun>
  <inclRandomSeed>false</inclRandomSeed>
  <scheduleParams>
    <start>1.0</start>
    <interval>1.0</interval>
    <priority>-Infinity</priority>
    <pType>LAST</pType>
    <duration>-1.0</duration>
    <frequency>REPEAT</frequency>
    <hashCode>-533193404</hashCode>
  </scheduleParams>
  <atEnd>false</atEnd>
  <methodDataSources class="linked-hash-map">
    <entry>
      <string>Iso3Code</string>
      <repast.simphony.data2.engine.MethodDataSourceDefinition>
        <id>Iso3Code</id>
        <className>cms_wheat.agents.Producer</className>
        <methodName>getIso3Code</methodName>
      </repast.simphony.data2.engine.MethodDataSourceDefinition>
    </entry>
    <entry>
      <string>Name</string>
      <repast.simphony.data2.engine.MethodDataSourceDefinition>
        <id>Name</id>
        <className>cms_wheat.agents.Producer</className>
        <methodName>getName</methodName>
      </repast.simphony.data2.engine.MethodDataSourceDefinition>
    </entry>
    <entry>
      <string>Production</string>
      <repast.simphony.data2.engine.MethodDataSourceDefinition>
        <id>Production</id>
        <className>cms_wheat.agents.Producer</className>
        <methodName>getProduction</methodName>
      </repast.simphony.data2.engine.MethodDataSourceDefinition>
    </entry>
    <entry>
      <string>Stock</string>
      <repast.simphony.data2.engine.MethodDataSourceDefinition>
        <id>Stock</id>
        <className>cms_wheat.agents.Producer</className>
        <methodName>getStock</methodName>
      </repast.simphony.data2.engine.MethodDataSourceDefinition>
    </entry>
    <entry>
      <string>TargetProduction</string>
      <repast.simphony.data2.engine.MethodDataSourceDefinition>
        <id>TargetProduction</id>
        <className>cms_wheat.agents.Producer</className>
        <methodName>getTargetProduction</methodName>
      </repast.simphony.data2.engine.MethodDataSourceDefinition>
    </entry>
    <entry>
      <string>AverageSellingPrice</string>
      <repast.simphony.data2.engine.MethodDataSourceDefinition>
        <id>AverageSellingPrice</id>
        <className>cms_wheat.agents.Producer</className>
        <methodName>getAverageSellingPrice</methodName>
      </repast.simphony.data2.engine.MethodDataSourceDefinition>
    </entry>
    <entry>
      <string>ReservationPrice</string>
      <repast.simphony.data2.engine.MethodDataSourceDefinition>
        <id>ReservationPrice</id>
        <className>cms_wheat.agents.Producer</className>
        <methodName>getReservationPrice</methodName>
      </repast.simphony.data2.engine.MethodDataSourceDefinition>
    </entry>
  </methodDataSources>
  <countSources class="linked-hash-map"/>
  <customNADataSources class="linked-hash-map"/>
  <customAggDataSources class="linked-hash-map"/>
</repast.simphony.data2.engine.DataSetDescriptor>