<?xml version="1.0" encoding="UTF-8" ?>
<Scenario>
<repast.simphony.action.data_set context="cms_wheat" file="repast.simphony.action.data_set_0.xml" />
<repast.simphony.action.data_set context="cms_wheat" file="repast.simphony.action.data_set_1.xml" />
<repast.simphony.action.data_set context="cms_wheat" file="repast.simphony.action.data_set_2.xml" />
<repast.simphony.action.data_set context="cms_wheat" file="repast.simphony.action.data_set_3.xml" />
<repast.simphony.action.file_sink context="cms_wheat" file="repast.simphony.action.file_sink_4.xml" />
<repast.simphony.action.file_sink context="cms_wheat" file="repast.simphony.action.file_sink_5.xml" />
<repast.simphony.action.file_sink context="cms_wheat" file="repast.simphony.action.file_sink_6.xml" />
<repast.simphony.action.file_sink context="cms_wheat" file="repast.simphony.action.file_sink_7.xml" />
<repast.simphony.action.file_sink context="cms_wheat" file="repast.simphony.action.file_sink_8.xml" />
<repast.simphony.dataLoader.engine.ClassNameDataLoaderAction context="cms_wheat" file="repast.simphony.dataLoader.engine.ClassNameDataLoaderAction_9.xml" />
<repast.simphony.action.time_series_chart context="cms_wheat" file="repast.simphony.action.time_series_chart_10.xml" />
<repast.simphony.action.time_series_chart context="cms_wheat" file="repast.simphony.action.time_series_chart_11.xml" />
<repast.simphony.action.time_series_chart context="cms_wheat" file="repast.simphony.action.time_series_chart_12.xml" />
<repast.simphony.action.time_series_chart context="cms_wheat" file="repast.simphony.action.time_series_chart_13.xml" />
<repast.simphony.action.display context="cms_wheat" file="repast.simphony.action.display_14.xml" />
</Scenario>